﻿<?xml version="1.0" encoding="utf-8" ?>
<PawnKindDefs>

  <!-- ============================ novakid Base ========================== -->

  <PawnKindDef Name="novakidpiratebase" Abstract="True">
    <defaultFactionType>novakidbandit</defaultFactionType>
    <race>Alien_novakid</race>
    <chemicalAddictionChance>0.035</chemicalAddictionChance>
    <baseRecruitDifficulty>0.60</baseRecruitDifficulty>
    <backstoryCategory>Raider</backstoryCategory>
    <apparelAllowHeadwearChance>.50</apparelAllowHeadwearChance>
    <apparelTags>
      <li>Outlander</li>
    </apparelTags>
  </PawnKindDef>

  <!-- ============================ novakid Civilian Base ========================== -->

  <PawnKindDef Name="novakidpiratehome" ParentName="novakidpiratebase" Abstract="True">
    <combatPower>25</combatPower>
	<race>Alien_novakid</race>
    <itemQuality>Normal</itemQuality>
    <isFighter>false</isFighter>
    <backstoryCategory>Raider</backstoryCategory>
    <gearHealthRange>
      <min>0.2</min>
      <max>2.0</max>
    </gearHealthRange>
    <apparelMoney>
      <min>300</min>
      <max>900</max>
    </apparelMoney>
    <weaponMoney>
      <min>0</min>
      <max>250</max>
    </weaponMoney>
    <weaponTags>
      <li>Gun</li>
      <li>Melee</li>
    </weaponTags>
    <techHediffsMoney>
      <min>200</min>
      <max>300</max>
    </techHediffsMoney>
    <techHediffsTags>
      <li>Simple</li>
    </techHediffsTags>
    <techHediffsChance>0.001</techHediffsChance>
    <invNutrition>2.55</invNutrition>
    <inventoryOptions>
      <skipChance>0.75</skipChance>
      <subOptionsChooseOne>
        <li>
          <choiceChance>90</choiceChance>
          <thingDef>Silver</thingDef>
          <countRange>
            <min>25</min>
            <max>70</max>
          </countRange>
        </li>
        <li>
          <choiceChance>100</choiceChance>
          <thingDef>Silver</thingDef>
          <countRange>
            <min>700</min>
            <max>1000</max>
          </countRange>
        </li>
      </subOptionsChooseOne>
    </inventoryOptions>
  </PawnKindDef>

  <!-- ============================ novakid Civilians ========================== -->

  <PawnKindDef ParentName="novakidpiratehome">
    <defName>novakidpirate</defName>
    <label>bandit</label>
    <backstoryCategory>Raider</backstoryCategory>
  </PawnKindDef>

  <PawnKindDef ParentName="novakidpiratehome">
    <defName>novakidchief</defName>
    <label>chief</label>
    <backstoryCategory>Raider</backstoryCategory>
    <labelPlural>chiefs</labelPlural>
    <factionLeader>true</factionLeader>
	<minGenerationAge>350</minGenerationAge>
	<maxGenerationAge>900</maxGenerationAge>
  </PawnKindDef>

  <PawnKindDef ParentName="novakidpiratehome">
    <defName>novakidpirateTrader</defName>
    <label>pirate trader</label>
    <backstoryCategory>Trader</backstoryCategory>
    <trader>true</trader>
  </PawnKindDef>

    <PawnKindDef ParentName="novakidpiratehome">
    <defName>novakidSlave</defName>
    <label>colonist</label>
    <backstoryCategory>Slave</backstoryCategory>
  </PawnKindDef>


  <!-- ============================ novakid Security ========================== -->

  <PawnKindDef ParentName="novakidpiratehome">
    <defName>novakidpirateGuard</defName>
    <label>bandit guard</label>
    <backstoryCategory>Raider</backstoryCategory>
    <combatPower>50</combatPower>
    <maxGenerationAge>600</maxGenerationAge>
    <gearHealthRange>
      <min>0.5</min>
      <max>1.8</max>
    </gearHealthRange>
    <apparelMoney>
      <min>300</min>
      <max>900</max>
    </apparelMoney>
    <weaponMoney>
      <min>600</min>
      <max>1200</max>
    </weaponMoney>
    <weaponTags>
      <li>Gun</li>
    </weaponTags>
    <techHediffsMoney>
      <min>200</min>
      <max>500</max>
    </techHediffsMoney>
    <techHediffsTags>
      <li>Simple</li>
    </techHediffsTags>
    <techHediffsChance>0.20</techHediffsChance>
    <invNutrition>2.55</invNutrition>
    <inventoryOptions>
      <skipChance>0.95</skipChance>
      <thingDef>Silver</thingDef>
      <countRange>
        <min>30</min>
        <max>100</max>
      </countRange>
    </inventoryOptions>
  </PawnKindDef>


  <!-- ============================ novakid Military Base ========================== -->

  <PawnKindDef Name="novakidpiratecamp" ParentName="novakidpiratebase" Abstract="True">
    <chemicalAddictionChance>0</chemicalAddictionChance>
    <isFighter>true</isFighter>
	<race>Alien_novakid</race>
    <invNutrition>2.55</invNutrition>
    <itemQuality>Normal</itemQuality>
	<minGenerationAge>400</minGenerationAge>
    <maxGenerationAge>700</maxGenerationAge>
    <backstoryCategory>Raider</backstoryCategory>
    <gearHealthRange>
      <min>0.7</min>
      <max>2.3</max>
    </gearHealthRange>
    <apparelTags>
      <li>Outlander</li>
      <li>Military</li>
    </apparelTags>
    <apparelMoney>
      <min>1500</min>
      <max>2800</max>
    </apparelMoney>
    <weaponMoney>
      <min>400</min>
      <max>1000</max>
    </weaponMoney>
    <weaponTags>
      <li>Gun</li>
    </weaponTags>
    <techHediffsMoney>
      <min>1000</min>
      <max>1500</max>
    </techHediffsMoney>
    <inventoryOptions>
      <skipChance>0.8</skipChance>
      <subOptionsChooseOne>
        <li>
          <thingDef>Silver</thingDef>
          <countRange>
            <min>50</min>
            <max>200</max>
          </countRange>
        </li>
        <li>
          <thingDef>Medicine</thingDef>
          <countRange>
            <min>1</min>
            <max>1</max>
          </countRange>
        </li>
      </subOptionsChooseOne>
    </inventoryOptions>
  </PawnKindDef>

  <!-- ============================ novakid Military ========================== -->

  <PawnKindDef ParentName="novakidpiratecamp">
    <defName>novakidpirateRecruit</defName>
    <label>bandit recruit</label>
    <backstoryCategory>Raider</backstoryCategory>
    <combatPower>70</combatPower>
  </PawnKindDef>


  <PawnKindDef ParentName="novakidpiratecamp">
    <defName>novakidpirateHunter</defName>
    <label>bandit hunter</label>
    <backstoryCategory>Raider</backstoryCategory>
    <combatPower>90</combatPower>
    <minGenerationAge>400</minGenerationAge>
    <gearHealthRange>
      <min>0.7</min>
      <max>2.3</max>
    </gearHealthRange>
    <apparelTags>
      <li>Outlander</li>
      <li>Military</li>
    </apparelTags>
    <apparelMoney>
      <min>1500</min>
      <max>2500</max>
    </apparelMoney>
    <weaponMoney>
      <min>1200</min>
      <max>1800</max>
    </weaponMoney>
    <weaponTags>
      <li>SniperRifle</li>
    </weaponTags>
    <techHediffsMoney>
      <min>1000</min>
      <max>1500</max>
    </techHediffsMoney>
    <combatEnhancingDrugsCount>
      <min>0</min>
      <max>2</max>
    </combatEnhancingDrugsCount>
    <techHediffsTags>
      <li>Advanced</li>
    </techHediffsTags>
    <techHediffsChance>0.73</techHediffsChance>
    <inventoryOptions>
      <skipChance>0.8</skipChance>
      <subOptionsChooseOne>
        <li>
          <thingDef>Silver</thingDef>
          <countRange>
            <min>50</min>
            <max>200</max>
          </countRange>
        </li>
        <li>
          <thingDef>Medicine</thingDef>
          <countRange>
            <min>1</min>
            <max>1</max>
          </countRange>
        </li>
      </subOptionsChooseOne>
    </inventoryOptions>
  </PawnKindDef>


  <PawnKindDef ParentName="novakidpiratecamp">
    <defName>novakidpirateCommando</defName>
    <label>bandit commando</label>
    <backstoryCategory>Raider</backstoryCategory>
    <combatPower>135</combatPower>
    <minGenerationAge>400</minGenerationAge>
    <gearHealthRange>
      <min>0.5</min>
      <max>2.3</max>
    </gearHealthRange>
    <apparelTags>
      <li>Outlander</li>
      <li>Military</li>
    </apparelTags>
    <apparelMoney>
      <min>1000</min>
      <max>2600</max>
    </apparelMoney>
    <weaponMoney>
      <min>1200</min>
      <max>2000</max>
    </weaponMoney>
    <weaponTags>
      <li>Gun</li>
    </weaponTags>
    <techHediffsMoney>
      <min>2000</min>
      <max>3000</max>
    </techHediffsMoney>
    <combatEnhancingDrugsCount>
      <min>0</min>
      <max>2</max>
    </combatEnhancingDrugsCount>
    <techHediffsTags>
      <li>Advanced</li>
    </techHediffsTags>
    <techHediffsChance>0.88</techHediffsChance>
    <inventoryOptions>
      <skipChance>0.8</skipChance>
      <subOptionsChooseOne>
        <li>
          <thingDef>Silver</thingDef>
          <countRange>
            <min>180</min>
            <max>400</max>
          </countRange>
        </li>
        <li>
          <thingDef>Medicine</thingDef>
          <countRange>
            <min>1</min>
            <max>2</max>
          </countRange>
        </li>
      </subOptionsChooseOne>
    </inventoryOptions>
  </PawnKindDef>


  <PawnKindDef ParentName="novakidpiratecamp">
     <defName>novakidpirateCommandoElite</defName>
    <label>bandit elite commando</label>
    <backstoryCategory>Raider</backstoryCategory>
    <combatPower>220</combatPower>
    <minGenerationAge>400</minGenerationAge>
    <gearHealthRange>
      <min>0.8</min>
      <max>3.5</max>
    </gearHealthRange>
    <apparelTags>
      <li>Military</li>
      <li>Spacer</li>
    </apparelTags>
    <apparelMoney>
      <min>2500</min>
      <max>4200</max>
    </apparelMoney>
    <weaponMoney>
      <min>1600</min>
      <max>2000</max>
    </weaponMoney>
    <weaponTags>
			<li>EliteGun</li>
      <li>AdvancedGun</li>
    </weaponTags>
    <techHediffsMoney>
      <min>2000</min>
      <max>3000</max>
    </techHediffsMoney>
    <combatEnhancingDrugsCount>
      <min>1</min>
      <max>2</max>
    </combatEnhancingDrugsCount>
    <combatEnhancingDrugsChance>0.1</combatEnhancingDrugsChance>
    <techHediffsTags>
      <li>Advanced</li>
    </techHediffsTags>
    <techHediffsChance>0.80</techHediffsChance>
    <inventoryOptions>
      <skipChance>0.8</skipChance>
      <subOptionsChooseOne>
        <li>
          <thingDef>Silver</thingDef>
          <countRange>
            <min>120</min>
            <max>480</max>
          </countRange>
        </li>
        <li>
          <thingDef>Medicine</thingDef>
          <countRange>
            <min>1</min>
            <max>2</max>
          </countRange>
        </li>
      </subOptionsChooseOne>
    </inventoryOptions>
  </PawnKindDef>


</PawnKindDefs>
