﻿<?xml version="1.0" encoding="utf-8" ?>
<PawnKindDefs>

  <PawnKindDef Abstract="True" Name="BasePlayerPawnKind">
    <race>Alien_novakid</race>
    <combatPower>30</combatPower>
    <minGenerationAge>360</minGenerationAge>
    <baseRecruitDifficulty>0.50</baseRecruitDifficulty>
    <isFighter>false</isFighter>
    <apparelIgnoreSeasons>true</apparelIgnoreSeasons>
    <forceNormalGearQuality>true</forceNormalGearQuality>
    <backstoryCategory>Raider</backstoryCategory>
  </PawnKindDef>

  <PawnKindDef ParentName="BaseCrystalloidPlayerPawnKind">
    <defName>novakid_colonist</defName>
    <label>novakid colonist</label>
    <race>Alien_novakid</race>
    <defaultFactionType>PlayerColony</defaultFactionType>
    <backstoryCategory>Raider</backstoryCategory>
    <apparelTags>
      <li>Outlander</li>
    </apparelTags>
    <apparelMoney>
      <min>1600</min>
      <max>2400</max>
    </apparelMoney>
    <backstoryCryptosleepCommonality>1</backstoryCryptosleepCommonality>
  </PawnKindDef>

  <PawnKindDef ParentName="BasePlayerPawnKind">
    <defName>Novakid_Tribesperson</defName>
    <label>novakid member</label>
    <race>Alien_novakid</race>
    <defaultFactionType>PlayerTribe</defaultFactionType>
    <backstoryCategory>Tribal</backstoryCategory>
    <chemicalAddictionChance>0.05</chemicalAddictionChance>
    <apparelTags>
      <li>Tribal</li>
    </apparelTags>
    <apparelMoney>
      <min>200</min>
      <max>400</max>
    </apparelMoney>
    <backstoryCryptosleepCommonality>0</backstoryCryptosleepCommonality>
  </PawnKindDef>


</PawnKindDefs>
