﻿<?xml version="1.0" encoding="utf-8" ?>
<Defs>


  <BodyPartDef>
    <defName>gas pump</defName>
    <label>gas pump (heart)</label>
    <hitPoints>20</hitPoints>
    <oldInjuryBaseChance>0.08</oldInjuryBaseChance>
    <bleedingRateMultiplier>5</bleedingRateMultiplier>
    <skinCovered>false</skinCovered>
    <tags>
      <li>BloodPumpingSource</li>
    </tags>
    <spawnThingOnRemoved>Heart</spawnThingOnRemoved>
    <dontSuggestAmputation>true</dontSuggestAmputation>
  </BodyPartDef>

  <BodyPartDef>
    <defName>Left gas converter</defName>
    <label>left gas converter (lung)</label>
    <hitPoints>20</hitPoints>
    <oldInjuryBaseChance>0.08</oldInjuryBaseChance>
    <skinCovered>false</skinCovered>
    <tags>
      <li>BreathingSource</li>
    </tags>
    <spawnThingOnRemoved>Lung</spawnThingOnRemoved>
  </BodyPartDef>

  <BodyPartDef>
    <defName>Right gas converter</defName>
    <label>right gas converter (lung)</label>
    <hitPoints>20</hitPoints>
    <oldInjuryBaseChance>0.08</oldInjuryBaseChance>
    <skinCovered>false</skinCovered>
    <tags>
      <li>BreathingSource</li>
    </tags>
    <spawnThingOnRemoved>Lung</spawnThingOnRemoved>
  </BodyPartDef>

  <BodyPartDef>
    <defName>Left gas filter</defName>
    <label>left gas filter (kidney)</label>
    <hitPoints>20</hitPoints>
    <oldInjuryBaseChance>0.08</oldInjuryBaseChance>
    <skinCovered>false</skinCovered>
    <tags>
      <li>BloodFiltrationKidney</li>
    </tags>
    <spawnThingOnRemoved>Kidney</spawnThingOnRemoved>
  </BodyPartDef>

  <BodyPartDef>
    <defName>Right gas filter</defName>
    <label>right gas filter (kidney)</label>
    <hitPoints>20</hitPoints>
    <oldInjuryBaseChance>0.08</oldInjuryBaseChance>
    <skinCovered>false</skinCovered>
    <tags>
      <li>BloodFiltrationKidney</li>
    </tags>
    <spawnThingOnRemoved>Kidney</spawnThingOnRemoved>
  </BodyPartDef>

  <BodyPartDef>
    <defName>anti-poison gas</defName>
    <label>anti-poison gas (liver)</label>
    <hitPoints>20</hitPoints>
    <oldInjuryBaseChance>0.08</oldInjuryBaseChance>
    <skinCovered>false</skinCovered>
    <tags>
      <li>BloodFiltrationLiver</li>
    </tags>
    <spawnThingOnRemoved>Liver</spawnThingOnRemoved>
    <dontSuggestAmputation>true</dontSuggestAmputation>
  </BodyPartDef>

  <BodyPartDef>
    <defName>acid gas bubble</defName>
    <label>acid gas bubble (stomach)</label>
    <hitPoints>25</hitPoints>
    <oldInjuryBaseChance>0.08</oldInjuryBaseChance>
    <skinCovered>false</skinCovered>
    <tags>
      <li>MetabolismSource</li>
    </tags>
  </BodyPartDef>

</Defs>
