﻿<?xml version="1.0" encoding="utf-8" ?>
<Defs>

  <BodyPartDef>
    <defName>Torso</defName>
    <label>torso</label>
    <hitPoints>40</hitPoints>
    <oldInjuryBaseChance>0.08</oldInjuryBaseChance>
    <skinCovered>true</skinCovered>
    <dontSuggestAmputation>true</dontSuggestAmputation>
  </BodyPartDef>

  <BodyPartDef>
    <defName>LeftShoulder</defName>
    <label>left shoulder</label>
    <hitPoints>30</hitPoints>
    <oldInjuryBaseChance>0.08</oldInjuryBaseChance>
    <skinCovered>true</skinCovered>
    <tags>
      <li>ManipulationLimbSegment</li>
    </tags>
  </BodyPartDef>

  <BodyPartDef>
    <defName>LeftArm</defName>
    <label>left arm</label>
    <hitPoints>30</hitPoints>
    <oldInjuryBaseChance>0.08</oldInjuryBaseChance>
    <skinCovered>true</skinCovered>
    <tags>
      <li>ManipulationLimbCore</li>
    </tags>
  </BodyPartDef>

  <BodyPartDef>
    <defName>LeftHand</defName>
    <label>left hand</label>
    <hitPoints>20</hitPoints>
    <oldInjuryBaseChance>0.08</oldInjuryBaseChance>
    <frostbiteVulnerability>0.5</frostbiteVulnerability>
    <skinCovered>true</skinCovered>
    <tags>
      <li>ManipulationLimbSegment</li>
    </tags>
  </BodyPartDef>

  <BodyPartDef>
    <defName>LeftHandPinky</defName>
    <label>left pinky</label>
    <hitPoints>7</hitPoints>
    <frostbiteVulnerability>8</frostbiteVulnerability>
    <oldInjuryBaseChance>0.08</oldInjuryBaseChance>
    <amputateIfGeneratedInjuredChance>0.3</amputateIfGeneratedInjuredChance>
    <skinCovered>true</skinCovered>
    <tags>
      <li>ManipulationLimbDigit</li>
    </tags>
  </BodyPartDef>

  <BodyPartDef>
    <defName>LeftHandRingFinger</defName>
    <label>left ring finger</label>
    <hitPoints>7</hitPoints>
    <frostbiteVulnerability>8</frostbiteVulnerability>
    <oldInjuryBaseChance>0.08</oldInjuryBaseChance>
    <amputateIfGeneratedInjuredChance>0.3</amputateIfGeneratedInjuredChance>
    <skinCovered>true</skinCovered>
    <tags>
      <li>ManipulationLimbDigit</li>
    </tags>
  </BodyPartDef>

  <BodyPartDef>
    <defName>LeftHandMiddleFinger</defName>
    <label>left middle finger</label>
    <hitPoints>7</hitPoints>
    <frostbiteVulnerability>8</frostbiteVulnerability>
    <oldInjuryBaseChance>0.08</oldInjuryBaseChance>
    <amputateIfGeneratedInjuredChance>0.3</amputateIfGeneratedInjuredChance>
    <skinCovered>true</skinCovered>
    <tags>
      <li>ManipulationLimbDigit</li>
    </tags>
  </BodyPartDef>

  <BodyPartDef>
    <defName>LeftHandIndexFinger</defName>
    <label>left index finger</label>
    <hitPoints>7</hitPoints>
    <frostbiteVulnerability>8</frostbiteVulnerability>
    <oldInjuryBaseChance>0.08</oldInjuryBaseChance>
    <amputateIfGeneratedInjuredChance>0.3</amputateIfGeneratedInjuredChance>
    <skinCovered>true</skinCovered>
    <tags>
      <li>ManipulationLimbDigit</li>
    </tags>
  </BodyPartDef>

  <BodyPartDef>
    <defName>LeftHandThumb</defName>
    <label>left thumb</label>
    <hitPoints>7</hitPoints>
    <frostbiteVulnerability>8</frostbiteVulnerability>
    <oldInjuryBaseChance>0.08</oldInjuryBaseChance>
    <amputateIfGeneratedInjuredChance>0.3</amputateIfGeneratedInjuredChance>
    <skinCovered>true</skinCovered>
    <tags>
      <li>ManipulationLimbDigit</li>
    </tags>
  </BodyPartDef>

  <BodyPartDef>
    <defName>RightShoulder</defName>
    <label>right shoulder</label>
    <hitPoints>30</hitPoints>
    <oldInjuryBaseChance>0.08</oldInjuryBaseChance>
    <skinCovered>true</skinCovered>
    <tags>
      <li>ManipulationLimbSegment</li>
    </tags>
  </BodyPartDef>

  <BodyPartDef>
    <defName>RightArm</defName>
    <label>right arm</label>
    <hitPoints>30</hitPoints>
    <oldInjuryBaseChance>0.08</oldInjuryBaseChance>
    <skinCovered>true</skinCovered>
    <tags>
      <li>ManipulationLimbCore</li>
    </tags>
  </BodyPartDef>

  <BodyPartDef>
    <defName>RightHand</defName>
    <label>right hand</label>
    <hitPoints>20</hitPoints>
    <frostbiteVulnerability>0.5</frostbiteVulnerability>
    <oldInjuryBaseChance>0.08</oldInjuryBaseChance>
    <skinCovered>true</skinCovered>
    <tags>
      <li>ManipulationLimbSegment</li>
    </tags>
  </BodyPartDef>

  <BodyPartDef>
    <defName>RightHandPinky</defName>
    <label>right pinky</label>
    <hitPoints>7</hitPoints>
    <frostbiteVulnerability>8</frostbiteVulnerability>
    <oldInjuryBaseChance>0.08</oldInjuryBaseChance>
    <amputateIfGeneratedInjuredChance>0.3</amputateIfGeneratedInjuredChance>
    <skinCovered>true</skinCovered>
    <tags>
      <li>ManipulationLimbDigit</li>
    </tags>
  </BodyPartDef>

  <BodyPartDef>
    <defName>RightHandRingFinger</defName>
    <label>right ring finger</label>
    <hitPoints>7</hitPoints>
    <frostbiteVulnerability>8</frostbiteVulnerability>
    <oldInjuryBaseChance>0.08</oldInjuryBaseChance>
    <amputateIfGeneratedInjuredChance>0.3</amputateIfGeneratedInjuredChance>
    <skinCovered>true</skinCovered>
    <tags>
      <li>ManipulationLimbDigit</li>
    </tags>
  </BodyPartDef>

  <BodyPartDef>
    <defName>RightHandMiddleFinger</defName>
    <label>right middle finger</label>
    <hitPoints>7</hitPoints>
    <frostbiteVulnerability>8</frostbiteVulnerability>
    <oldInjuryBaseChance>0.08</oldInjuryBaseChance>
    <amputateIfGeneratedInjuredChance>0.3</amputateIfGeneratedInjuredChance>
    <skinCovered>true</skinCovered>
    <tags>
      <li>ManipulationLimbDigit</li>
    </tags>
  </BodyPartDef>

  <BodyPartDef>
    <defName>RightHandIndexFinger</defName>
    <label>right index finger</label>
    <hitPoints>7</hitPoints>
    <frostbiteVulnerability>8</frostbiteVulnerability>
    <oldInjuryBaseChance>0.08</oldInjuryBaseChance>
    <amputateIfGeneratedInjuredChance>0.3</amputateIfGeneratedInjuredChance>
    <skinCovered>true</skinCovered>
    <tags>
      <li>ManipulationLimbDigit</li>
    </tags>
  </BodyPartDef>

  <BodyPartDef>
    <defName>RightHandThumb</defName>
    <label>right thumb</label>
    <hitPoints>7</hitPoints>
    <frostbiteVulnerability>8</frostbiteVulnerability>
    <oldInjuryBaseChance>0.08</oldInjuryBaseChance>
    <amputateIfGeneratedInjuredChance>0.3</amputateIfGeneratedInjuredChance>
    <skinCovered>true</skinCovered>
    <tags>
      <li>ManipulationLimbDigit</li>
    </tags>
  </BodyPartDef>

  <BodyPartDef>
    <defName>Waist</defName>
    <label>waist</label>
    <isConceptual>true</isConceptual>
  </BodyPartDef>
  
  <BodyPartDef>
    <defName>LeftFootLittleToe</defName>
    <label>left little toe</label>
    <hitPoints>10</hitPoints>
    <frostbiteVulnerability>10</frostbiteVulnerability>
    <oldInjuryBaseChance>0.08</oldInjuryBaseChance>
    <amputateIfGeneratedInjuredChance>0.3</amputateIfGeneratedInjuredChance>
    <skinCovered>true</skinCovered>
    <tags>
      <li>MovingLimbDigit</li>
    </tags>
  </BodyPartDef>

  <BodyPartDef>
    <defName>LeftFootFourthToe</defName>
    <label>left fourth toe</label>
    <hitPoints>10</hitPoints>
    <frostbiteVulnerability>10</frostbiteVulnerability>
    <oldInjuryBaseChance>0.08</oldInjuryBaseChance>
    <amputateIfGeneratedInjuredChance>0.3</amputateIfGeneratedInjuredChance>
    <skinCovered>true</skinCovered>
    <tags>
      <li>MovingLimbDigit</li>
    </tags>
  </BodyPartDef>

  <BodyPartDef>
    <defName>LeftFootMiddleToe</defName>
    <label>left middle toe</label>
    <hitPoints>10</hitPoints>
    <frostbiteVulnerability>10</frostbiteVulnerability>
    <oldInjuryBaseChance>0.08</oldInjuryBaseChance>
    <amputateIfGeneratedInjuredChance>0.3</amputateIfGeneratedInjuredChance>
    <skinCovered>true</skinCovered>
    <tags>
      <li>MovingLimbDigit</li>
    </tags>
  </BodyPartDef>

  <BodyPartDef>
    <defName>LeftFootSecondToe</defName>
    <label>left second toe</label>
    <hitPoints>10</hitPoints>
    <frostbiteVulnerability>10</frostbiteVulnerability>
    <oldInjuryBaseChance>0.08</oldInjuryBaseChance>
    <amputateIfGeneratedInjuredChance>0.3</amputateIfGeneratedInjuredChance>
    <skinCovered>true</skinCovered>
    <tags>
      <li>MovingLimbDigit</li>
    </tags>
  </BodyPartDef>

  <BodyPartDef>
    <defName>LeftFootBigToe</defName>
    <label>left big toe</label>
    <hitPoints>10</hitPoints>
    <frostbiteVulnerability>10</frostbiteVulnerability>
    <oldInjuryBaseChance>0.08</oldInjuryBaseChance>
    <amputateIfGeneratedInjuredChance>0.3</amputateIfGeneratedInjuredChance>
    <skinCovered>true</skinCovered>
    <tags>
      <li>MovingLimbDigit</li>
    </tags>
  </BodyPartDef>

  <BodyPartDef>
    <defName>RightFootLittleToe</defName>
    <label>right little toe</label>
    <hitPoints>10</hitPoints>
    <frostbiteVulnerability>10</frostbiteVulnerability>
    <oldInjuryBaseChance>0.08</oldInjuryBaseChance>
    <amputateIfGeneratedInjuredChance>0.3</amputateIfGeneratedInjuredChance>
    <skinCovered>true</skinCovered>
    <tags>
      <li>MovingLimbDigit</li>
    </tags>
  </BodyPartDef>

  <BodyPartDef>
    <defName>RightFootFourthToe</defName>
    <label>right fourth toe</label>
    <hitPoints>10</hitPoints>
    <frostbiteVulnerability>10</frostbiteVulnerability>
    <oldInjuryBaseChance>0.08</oldInjuryBaseChance>
    <amputateIfGeneratedInjuredChance>0.3</amputateIfGeneratedInjuredChance>
    <skinCovered>true</skinCovered>
    <tags>
      <li>MovingLimbDigit</li>
    </tags>
  </BodyPartDef>

  <BodyPartDef>
    <defName>RightFootMiddleToe</defName>
    <label>right middle toe</label>
    <hitPoints>10</hitPoints>
    <frostbiteVulnerability>10</frostbiteVulnerability>
    <oldInjuryBaseChance>0.08</oldInjuryBaseChance>
    <amputateIfGeneratedInjuredChance>0.3</amputateIfGeneratedInjuredChance>
    <skinCovered>true</skinCovered>
    <tags>
      <li>MovingLimbDigit</li>
    </tags>
  </BodyPartDef>

  <BodyPartDef>
    <defName>RightFootSecondToe</defName>
    <label>right second toe</label>
    <hitPoints>10</hitPoints>
    <frostbiteVulnerability>10</frostbiteVulnerability>
    <oldInjuryBaseChance>0.08</oldInjuryBaseChance>
    <amputateIfGeneratedInjuredChance>0.3</amputateIfGeneratedInjuredChance>
    <skinCovered>true</skinCovered>
    <tags>
      <li>MovingLimbDigit</li>
    </tags>
  </BodyPartDef>

  <BodyPartDef>
    <defName>RightFootBigToe</defName>
    <label>right big toe</label>
    <hitPoints>10</hitPoints>
    <frostbiteVulnerability>10</frostbiteVulnerability>
    <oldInjuryBaseChance>0.08</oldInjuryBaseChance>
    <amputateIfGeneratedInjuredChance>0.3</amputateIfGeneratedInjuredChance>
    <skinCovered>true</skinCovered>
    <tags>
      <li>MovingLimbDigit</li>
    </tags>
  </BodyPartDef>

  <!-- Bones -->

  <BodyPartDef>
    <defName>LeftClavicle</defName>
    <label>left clavicle</label>
    <hitPoints>25</hitPoints>
    <oldInjuryBaseChance>0</oldInjuryBaseChance>
    <skinCovered>false</skinCovered>
    <isSolid>true</isSolid>
    <tags>
      <li>ManipulationLimbSegment</li>
    </tags>
  </BodyPartDef>

  <BodyPartDef>
    <defName>RightClavicle</defName>
    <label>right clavicle</label>
    <hitPoints>25</hitPoints>
    <oldInjuryBaseChance>0</oldInjuryBaseChance>
    <skinCovered>false</skinCovered>
    <isSolid>true</isSolid>
    <tags>
      <li>ManipulationLimbSegment</li>
    </tags>
  </BodyPartDef>

  <BodyPartDef>
    <defName>Sternum</defName>
    <label>sternum</label>
    <hitPoints>25</hitPoints>
    <oldInjuryBaseChance>0</oldInjuryBaseChance>
    <skinCovered>false</skinCovered>
    <isSolid>true</isSolid>
  </BodyPartDef>

  <BodyPartDef>
    <defName>LeftHumerus</defName>
    <label>left humerus</label>
    <hitPoints>25</hitPoints>
    <oldInjuryBaseChance>0</oldInjuryBaseChance>
    <skinCovered>false</skinCovered>
    <isSolid>true</isSolid>
    <tags>
      <li>ManipulationLimbSegment</li>
    </tags>
  </BodyPartDef>

  <BodyPartDef>
    <defName>RightHumerus</defName>
    <label>right humerus</label>
    <hitPoints>25</hitPoints>
    <oldInjuryBaseChance>0</oldInjuryBaseChance>
    <skinCovered>false</skinCovered>
    <isSolid>true</isSolid>
    <tags>
      <li>ManipulationLimbSegment</li>
    </tags>
  </BodyPartDef>

  <BodyPartDef>
    <defName>LeftRadius</defName>
    <label>left radius</label>
    <hitPoints>20</hitPoints>
    <oldInjuryBaseChance>0</oldInjuryBaseChance>
    <skinCovered>false</skinCovered>
    <isSolid>true</isSolid>
    <tags>
      <li>ManipulationLimbSegment</li>
    </tags>
  </BodyPartDef>

  <BodyPartDef>
    <defName>RightRadius</defName>
    <label>right radius</label>
    <hitPoints>20</hitPoints>
    <oldInjuryBaseChance>0</oldInjuryBaseChance>
    <skinCovered>false</skinCovered>
    <isSolid>true</isSolid>
    <tags>
      <li>ManipulationLimbSegment</li>
    </tags>
  </BodyPartDef>

  <BodyPartDef>
    <defName>Pelvis</defName>
    <label>pelvis</label>
    <hitPoints>25</hitPoints>
    <oldInjuryBaseChance>0</oldInjuryBaseChance>
    <skinCovered>false</skinCovered>
    <isSolid>true</isSolid>
    <tags>
      <li>Pelvis</li>
    </tags>
  </BodyPartDef>

  <BodyPartDef>
    <defName>LeftFemur</defName>
    <label>left femur</label>
    <hitPoints>25</hitPoints>
    <oldInjuryBaseChance>0</oldInjuryBaseChance>
    <skinCovered>false</skinCovered>
    <isSolid>true</isSolid>
    <tags>
      <li>MovingLimbSegment</li>
    </tags>
  </BodyPartDef>

  <BodyPartDef>
    <defName>RightFemur</defName>
    <label>right femur</label>
    <hitPoints>25</hitPoints>
    <oldInjuryBaseChance>0</oldInjuryBaseChance>
    <skinCovered>false</skinCovered>
    <isSolid>true</isSolid>
    <tags>
      <li>MovingLimbSegment</li>
    </tags>
  </BodyPartDef>

  <BodyPartDef>
    <defName>LeftTibia</defName>
    <label>left tibia</label>
    <hitPoints>25</hitPoints>
    <oldInjuryBaseChance>0</oldInjuryBaseChance>
    <skinCovered>false</skinCovered>
    <isSolid>true</isSolid>
    <tags>
      <li>MovingLimbSegment</li>
    </tags>
  </BodyPartDef>

  <BodyPartDef>
    <defName>RightTibia</defName>
    <label>right tibia</label>
    <hitPoints>25</hitPoints>
    <oldInjuryBaseChance>0</oldInjuryBaseChance>
    <skinCovered>false</skinCovered>
    <isSolid>true</isSolid>
    <tags>
      <li>MovingLimbSegment</li>
    </tags>
  </BodyPartDef>

</Defs>